{
    "mae": 7.71331773971938,
    "rmse": 10.726235978633046,
    "r2": 0.7991017069936126
}