{
    "mae": 8.052338774453458,
    "rmse": 11.297064738469928,
    "r2": 0.7771499236914664
}