{
    "rf": {
        "mae": 8.052338774453458,
        "rmse": 11.297064738469928,
        "r2": 0.7771499236914664
    },
    "xgb": {
        "mae": 7.546950478387179,
        "rmse": 10.646137047523126,
        "r2": 0.8020909485992929
    },
    "lgbm": {
        "mae": 7.563148876272298,
        "rmse": 10.642451777028691,
        "r2": 0.802227941416257
    }
}