{
    "rf": {
        "mae": 8.052338774453458,
        "rmse": 11.297064738469928,
        "r2": 0.7771499236914664
    },
    "xgb": {
        "mae": 7.711100896679702,
        "rmse": 10.74697358038746,
        "r2": 0.7983241413834226
    },
    "lgbm": {
        "mae": 7.71331773971938,
        "rmse": 10.726235978633046,
        "r2": 0.7991017069936126
    }
}