{
    "mae": 7.711100896679702,
    "rmse": 10.74697358038746,
    "r2": 0.7983241413834226
}